year,genre_name,total_revenue,movie_count,avg_revenue
1914,Fantasy,5773000,11,524818
1914,Romance,4187028,70,59815
1914,Adventure,87028,41,2123
1914,Action,0,12,0
1914,Animation,0,10,0
1914,Comedy,0,436,0
1914,Drama,0,570,0
1914,Family,0,5,0
1914,Science Fiction,0,4,0
1914,Thriller,0,20,0
1915,Drama,11239802,615,18276
1915,Romance,204661,74,2766
1915,Action,0,19,0
1915,Adventure,0,35,0
1915,Animation,0,31,0
1915,Comedy,0,369,0
1915,Family,0,1,0
1915,Fantasy,0,9,0
1915,Science Fiction,0,6,0
1915,Thriller,0,60,0
1916,Drama,11242768,633,17761
1916,Action,8000000,18,444444
1916,Adventure,8000000,39,205128
1916,Science Fiction,8000000,18,444444
1916,Fantasy,1390000,13,106923
1916,Animation,0,66,0
1916,Comedy,0,348,0
1916,Family,0,2,0
1916,Romance,0,59,0
1916,Thriller,0,65,0
1917,Action,0,14,0
1917,Adventure,0,41,0
1917,Animation,0,51,0
1917,Comedy,0,295,0
1917,Drama,0,583,0
1917,Family,0,7,0
1917,Fantasy,0,20,0
1917,Romance,0,75,0
1917,Science Fiction,0,3,0
1917,Thriller,0,19,0
1918,Drama,10400000,522,19923
1918,Comedy,8000000,264,30303
1918,Animation,3000,43,70
1918,Fantasy,3000,12,250
1918,Action,0,16,0
1918,Adventure,0,33,0
1918,Family,0,4,0
1918,Romance,0,79,0
1918,Science Fiction,0,7,0
1918,Thriller,0,6,0
1919,Drama,11169213,454,24602
1919,Comedy,4900000,296,16554
1919,Romance,2400000,88,27273
1919,Action,0,28,0
1919,Adventure,0,48,0
1919,Animation,0,47,0
1919,Family,0,1,0
1919,Fantasy,0,11,0
1919,Science Fiction,0,5,0
1919,Thriller,0,5,0
1920,Drama,7709011,473,16298
1920,Action,4500000,30,150000
1920,Romance,4500000,69,65217
1920,Thriller,8811,7,1259
1920,Adventure,0,54,0
1920,Animation,0,80,0
1920,Comedy,0,288,0
1920,Family,0,7,0
1920,Fantasy,0,13,0
1920,Science Fiction,0,9,0
1921,Comedy,2500000,253,9881
1921,Drama,2500000,411,6083
1921,Romance,901937,94,9595
1921,Action,0,29,0
1921,Adventure,0,58,0
1921,Animation,0,91,0
1921,Family,0,8,0
1921,Fantasy,0,27,0
1921,Science Fiction,0,6,0
1921,Thriller,0,9,0
1922,Drama,400200,392,1021
1922,Thriller,400200,5,80040
1922,Adventure,142000,51,2784
1922,Fantasy,19054,17,1121
1922,Animation,500,105,5
1922,Comedy,500,213,2
1922,Action,0,27,0
1922,Family,0,12,0
1922,Romance,0,103,0
1922,Science Fiction,0,3,0
1923,Comedy,1500000,230,6522
1923,Romance,1500000,88,17045
1923,Thriller,1500000,4,375000
1923,Action,0,29,0
1923,Adventure,0,46,0
1923,Animation,0,94,0
1923,Drama,0,429,0
1923,Family,0,14,0
1923,Fantasy,0,17,0
1923,Science Fiction,0,3,0
1924,Romance,3921419,101,38826
1924,Drama,2393980,411,5825
1924,Action,1550000,36,43056
1924,Comedy,1550000,286,5420
1924,Adventure,1490419,51,29224
1924,Fantasy,1490419,17,87672
1924,Thriller,881000,4,220250
1924,Animation,0,106,0
1924,Family,0,13,0
1924,Science Fiction,0,9,0
1925,Drama,37759050,406,93003
1925,Romance,30297150,103,294147
1925,Adventure,13599650,62,219349
1925,Comedy,4130000,337,12255
1925,Thriller,704000,10,70400
1925,Action,0,36,0
1925,Animation,0,173,0
1925,Family,0,13,0
1925,Fantasy,0,17,0
1925,Science Fiction,0,9,0
1926,Drama,5647878,415,13609
1926,Action,3750000,62,60484
1926,Comedy,3523000,412,8551
1926,Adventure,3438000,92,37370
1926,Fantasy,938000,14,67000
1926,Romance,658000,171,3848
1926,Animation,0,179,0
1926,Family,0,6,0
1926,Science Fiction,0,3,0
1926,Thriller,0,11,0
1927,Drama,13554809,463,29276
1927,Romance,6279857,151,41588
1927,Action,3600000,52,69231
1927,Comedy,2478307,405,6119
1927,Science Fiction,650422,4,162606
1927,Adventure,0,63,0
1927,Animation,0,163,0
1927,Family,0,5,0
1927,Fantasy,0,13,0
1927,Thriller,0,8,0
1928,Drama,24573097,500,49146
1928,Romance,8099000,150,53993
1928,Thriller,1464000,10,146400
1928,Adventure,1147000,68,16868
1928,Comedy,97,415,0
1928,Action,0,52,0
1928,Animation,0,147,0
1928,Family,0,7,0
1928,Fantasy,0,12,0
1928,Science Fiction,0,2,0
1929,Romance,9780000,157,62293
1929,Comedy,9624000,376,25596
1929,Drama,8485000,508,16703
1929,Action,3270000,46,71087
1929,Adventure,3270000,56,58393
1929,Animation,0,165,0
1929,Family,0,18,0
1929,Fantasy,0,12,0
1929,Science Fiction,0,7,0
1929,Thriller,0,24,0
1930,Drama,25524940,454,56222
1930,Adventure,15000000,53,283019
1930,Action,12000000,46,260870
1930,Comedy,11007940,468,23521
1930,Fantasy,4000000,13,307692
1930,Romance,7940,213,37
1930,Animation,0,205,0
1930,Family,0,12,0
1930,Science Fiction,0,4,0
1930,Thriller,0,11,0
1931,Drama,28213000,512,55104
1931,Science Fiction,13300000,3,4433333
1931,Romance,9099000,190,47889
1931,Comedy,4250000,510,8333
1931,Action,4200000,39,107692
1931,Adventure,4200000,38,110526
1931,Fantasy,700000,13,53846
1931,Animation,0,215,0
1931,Family,0,14,0
1931,Thriller,0,21,0
1932,Drama,13095000,498,26295
1932,Romance,5678000,188,30202
1932,Comedy,3486000,496,7028
1932,Adventure,753000,65,11585
1932,Action,732000,58,12621
1932,Animation,0,253,0
1932,Family,0,17,0
1932,Fantasy,0,23,0
1932,Science Fiction,0,8,0
1932,Thriller,0,27,0
1933,Drama,22975000,476,48267
1933,Comedy,18025000,555,32477
1933,Romance,12557000,184,68245
1933,Adventure,10000000,54,185185
1933,Fantasy,10000000,24,416667
1933,Family,2100000,22,95455
1933,Thriller,27690,25,1108
1933,Action,0,49,0
1933,Animation,0,224,0
1933,Science Fiction,0,9,0
1934,Comedy,13587000,591,22990
1934,Romance,13377000,209,64005
1934,Drama,8242183,499,16517
1934,Fantasy,378787,21,18037
1934,Action,0,50,0
1934,Adventure,0,68,0
1934,Animation,0,225,0
1934,Family,0,31,0
1934,Science Fiction,0,9,0
1934,Thriller,0,28,0
1935,Drama,18375219,496,37047
1935,Romance,13141150,252,52147
1935,Adventure,7524000,73,103068
1935,Comedy,5920150,588,10068
1935,Family,3064000,39,78564
1935,Science Fiction,2000000,12,166667
1935,Action,0,84,0
1935,Animation,0,226,0
1935,Fantasy,0,24,0
1935,Thriller,0,32,0
1936,Drama,17737100,551,32191
1936,Romance,16563200,206,80404
1936,Comedy,12005209,573,20951
1936,Adventure,5486000,70,78371
1936,Action,0,71,0
1936,Animation,0,225,0
1936,Family,0,50,0
1936,Fantasy,0,18,0
1936,Science Fiction,0,13,0
1936,Thriller,0,36,0
1937,Animation,184925486,207,893360
1937,Family,184925486,63,2935325
1937,Fantasy,184925486,19,9732920
1937,Comedy,13349000,579,23055
1937,Romance,12816895,255,50262
1937,Drama,10329895,556,18579
1937,Thriller,1015000,33,30758
1937,Action,0,86,0
1937,Adventure,0,92,0
1937,Science Fiction,0,8,0
1938,Romance,27953306,238,117451
1938,Comedy,14584520,569,25632
1938,Drama,7687801,553,13902
1938,Adventure,5681000,95,59800
1938,Animation,15,227,0
1938,Action,0,81,0
1938,Family,0,50,0
1938,Fantasy,0,15,0
1938,Science Fiction,0,12,0
1938,Thriller,0,25,0
1939,Drama,423399765,599,706844
1939,Romance,415783765,170,2445787
1939,Adventure,37665724,83,453804
1939,Family,33754967,47,718191
1939,Fantasy,33754967,7,4822138
1939,Comedy,21628346,502,43084
1939,Action,2807000,86,32640
1939,Animation,0,197,0
1939,Science Fiction,0,11,0
1939,Thriller,0,41,0
1940,Family,163334819,58,2816118
1940,Animation,160711819,205,783960
1940,Romance,24804632,175,141741
1940,Drama,21336406,510,41836
1940,Comedy,16339660,556,29388
1940,Thriller,7592465,33,230075
1940,Adventure,7000000,93,75269
1940,Action,4372567,63,69406
1940,Science Fiction,659600,17,38800
1940,Fantasy,0,25,0
1941,Drama,49569138,476,104137
1941,Romance,13369000,200,66845
1941,Comedy,13232092,552,23971
1941,Thriller,6272000,36,174222
1941,Adventure,2500000,66,37879
1941,Animation,1662061,203,8187
1941,Fantasy,1630094,21,77624
1941,Family,1602094,56,28609
1941,Action,0,58,0
1941,Science Fiction,0,7,0
1942,Drama,296178250,466,635576
1942,Family,270094150,47,5746684
1942,Animation,268582150,215,1249219
1942,Romance,28710100,175,164058
1942,Adventure,11355416,69,164571
1942,Comedy,11255416,489,23017
1942,Action,9180416,70,131149
1942,Thriller,2250000,49,45918
1942,Science Fiction,1040000,6,173333
1942,Fantasy,0,23,0
1943,Drama,41194500,459,89748
1943,Romance,39165500,147,266432
1943,Adventure,22875000,54,423611
1943,Thriller,19000000,44,431818
1943,Comedy,15715000,456,34463
1943,Fantasy,6969624,19,366822
1943,Action,5075000,58,87500
1943,Family,3900000,33,118182
1943,Animation,788000,194,4062
1943,Science Fiction,0,4,0
1944,Drama,41504000,376,110383
1944,Comedy,36172000,386,93710
1944,Romance,9393000,137,68562
1944,Family,7566000,40,189150
1944,Thriller,6100000,36,169444
1944,Adventure,4177000,36,116028
1944,Fantasy,1827000,27,67667
1944,Science Fiction,1669226,9,185470
1944,Action,0,41,0
1944,Animation,0,204,0
1945,Drama,68469957,373,183566
1945,Comedy,34359000,325,105720
1945,Romance,28111457,125,224892
1945,Thriller,15005500,51,294225
1945,Fantasy,9291000,23,403957
1945,Family,5840000,31,188387
1945,Adventure,3650000,39,93590
1945,Action,2500000,52,48077
1945,Animation,0,172,0
1945,Science Fiction,0,7,0
1946,Thriller,375920000,63,5966984
1946,Romance,98195000,131,749580
1946,Drama,87046124,430,202433
1946,Family,74644124,40,1866103
1946,Animation,65000000,173,375723
1946,Fantasy,9644124,24,401838
1946,Comedy,2359000,324,7281
1946,Action,0,51,0
1946,Adventure,0,50,0
1946,Science Fiction,0,3,0
1947,Romance,33440704,157,212998
1947,Drama,31968274,513,62316
1947,Comedy,16090704,336,47889
1947,Thriller,9137570,64,142775
1947,Adventure,7000000,70,100000
1947,Family,2700000,47,57447
1947,Action,2365000,44,53750
1947,Animation,0,175,0
1947,Fantasy,0,34,0
1947,Science Fiction,0,2,0
1948,Adventure,12035000,56,214911
1948,Comedy,11827776,367,32228
1948,Romance,11787420,169,69748
1948,Drama,9284344,526,17651
1948,Action,4772088,58,82277
1948,Thriller,3329000,73,45603
1948,Fantasy,834332,27,30901
1948,Animation,6339,200,32
1948,Family,0,48,0
1948,Science Fiction,0,9,0
1949,Drama,45783000,601,76178
1949,Romance,41420000,150,276133
1949,Comedy,28971000,430,67374
1949,Adventure,15865000,77,206039
1949,Action,8064000,75,107520
1949,Thriller,6447098,58,111157
1949,Fantasy,1950000,30,65000
1949,Science Fiction,1950000,7,278571
1949,Animation,0,188,0
1949,Family,0,52,0
1950,Romance,279474415,148,1888341
1950,Family,268121072,72,3723904
1950,Animation,263591415,189,1394664
1950,Fantasy,263591415,28,9413979
1950,Drama,26656688,628,42447
1950,Action,15800000,77,205195
1950,Comedy,14152120,438,32311
1950,Adventure,9419717,90,104664
1950,Science Fiction,5000000,7,714286
1950,Thriller,1900000,70,27143
1951,Family,68200000,70,974286
1951,Drama,62054480,655,94740
1951,Adventure,57201000,87,657483
1951,Animation,57200000,202,283168
1951,Fantasy,57200000,35,1634286
1951,Romance,51469000,160,321681
1951,Thriller,15487000,64,241984
1951,Comedy,12981000,462,28097
1951,Science Fiction,3450000,20,172500
1951,Action,0,69,0
1952,Romance,89321000,186,480220
1952,Drama,55948800,670,83506
1952,Family,36000000,74,486486
1952,Adventure,32381001,118,274415
1952,Comedy,22328000,468,47709
1952,Thriller,1485000,53,28019
1952,Action,0,56,0
1952,Animation,0,181,0
1952,Fantasy,0,32,0
1952,Science Fiction,0,15,0
1953,Drama,114352989,702,162896
1953,Adventure,87404651,126,693688
1953,Animation,87404651,204,428454
1953,Family,87404651,102,856908
1953,Fantasy,87404651,37,2362288
1953,Romance,68767000,200,343835
1953,Comedy,34766000,464,74927
1953,Science Fiction,11466000,30,382200
1953,Thriller,8500000,69,123188
1953,Action,0,81,0
1954,Drama,101173328,742,136352
1954,Thriller,42284514,71,595557
1954,Science Fiction,31867000,32,995844
1954,Adventure,31332373,123,254735
1954,Family,28200000,88,320455
1954,Romance,22575968,198,114020
1954,Comedy,18978000,479,39620
1954,Action,599673,70,8567
1954,Animation,0,190,0
1954,Fantasy,0,52,0
1955,Romance,76457710,248,308297
1955,Comedy,43798786,493,88841
1955,Animation,36359037,197,184564
1955,Family,36359037,108,336658
1955,Drama,30534914,832,36701
1955,Thriller,23224000,72,322556
1955,Adventure,11800000,125,94400
1955,Science Fiction,5752653,28,205452
1955,Action,1952653,68,28715
1955,Fantasy,0,59,0
1956,Drama,288727786,858,336513
1956,Adventure,238380514,95,2509269
1956,Thriller,172730514,83,2081091
1956,Action,162991524,84,1940375
1956,Romance,150931671,227,664897
1956,Comedy,60184085,516,116636
1956,Family,50048980,112,446866
1956,Fantasy,42049071,40,1051227
1956,Science Fiction,9583289,38,252192
1956,Animation,0,205,0
1957,Drama,121188611,959,126370
1957,Romance,49380000,215,229674
1957,Comedy,16170000,523,30918
1957,Science Fiction,11310000,51,221765
1957,Adventure,2200000,99,22222
1957,Fantasy,2000000,52,38462
1957,Action,0,76,0
1957,Animation,0,197,0
1957,Family,0,111,0
1957,Thriller,0,82,0
1958,Romance,66777828,230,290338
1958,Drama,31158828,931,33468
1958,Thriller,15408632,83,185646
1958,Comedy,13810000,562,24573
1958,Science Fiction,7480000,56,133571
1958,Action,20311,112,181
1958,Adventure,20311,131,155
1958,Animation,0,195,0
1958,Family,0,111,0
1958,Fantasy,0,48,0
1959,Drama,199942107,911,219475
1959,Adventure,176504673,137,1288355
1959,Action,169500000,107,1584112
1959,Romance,113302866,210,539537
1959,Fantasy,82258000,59,1394203
1959,Family,79258000,119,666034
1959,Comedy,73454690,547,134286
1959,Animation,51600000,208,248077
1959,Thriller,22275000,98,227296
1959,Science Fiction,1000000,50,20000
1960,Drama,192439166,999,192632
1960,Adventure,105211902,121,869520
1960,Comedy,93797000,557,168397
1960,Family,52006000,128,406297
1960,Thriller,48781702,89,548109
1960,Romance,47755902,216,221092
1960,Fantasy,7105902,71,100083
1960,Science Fiction,2180902,30,72697
1960,Action,2000000,125,16000
1960,Animation,0,225,0
1961,Comedy,168764009,614,274860
1961,Adventure,123706550,167,740758
1961,Family,114650385,134,855600
1961,Drama,114320480,1002,114092
1961,Romance,104880446,207,506669
1961,Animation,85000000,218,389908
1961,Action,31151550,140,222511
1961,Science Fiction,9237760,32,288680
1961,Fantasy,2237760,72,31080
1961,Thriller,0,86,0
1962,Drama,182176909,1010,180373
1962,Thriller,170267035,81,2102062
1962,Adventure,165242420,158,1045838
1962,Action,122217035,121,1010058
1962,Comedy,34044400,639,53278
1962,Romance,24997161,208,120179
1962,Science Fiction,12550000,43,291860
1962,Family,12000000,117,102564
1962,Animation,0,214,0
1962,Fantasy,0,61,0
1963,Adventure,207544471,143,1451360
1963,Comedy,177448391,627,283012
1963,Romance,160768709,193,832998
1963,Action,151600000,135,1122963
1963,Drama,114589396,999,114704
1963,Thriller,90644471,86,1054005
1963,Animation,22182353,194,114342
1963,Family,22182353,114,194582
1963,Science Fiction,2700000,40,67500
1963,Fantasy,1499275,75,19990
1964,Comedy,224714791,658,341512
1964,Drama,155635521,1061,146688
1964,Action,146118942,159,918987
1964,Thriller,138761062,127,1092607
1964,Adventure,129873942,175,742137
1964,Romance,119542303,210,569249
1964,Family,103082380,105,981737
1964,Fantasy,103082380,74,1393005
1964,Science Fiction,14887880,51,291919
1964,Animation,0,210,0
1965,Drama,457089237,1081,422839
1965,Romance,445146316,241,1847080
1965,Family,290888196,101,2880081
1965,Adventure,173843991,166,1047253
1965,Action,146105658,191,764951
1965,Thriller,142600658,110,1296370
1965,Comedy,104772409,653,160448
1965,Animation,4673910,251,18621
1965,Science Fiction,3000000,78,38462
1965,Fantasy,78550,72,1091
1966,Drama,171098327,1101,155403
1966,Adventure,84299576,175,481712
1966,Romance,44692222,261,171235
1966,Action,44035401,224,196587
1966,Comedy,41958282,620,67675
1966,Science Fiction,35048124,88,398274
1966,Thriller,26500000,110,240909
1966,Family,13516000,122,110787
1966,Fantasy,3000000,88,34091
1966,Animation,0,245,0
1967,Adventure,451432191,219,2061334
1967,Drama,423619503,1182,358392
1967,Romance,284681972,238,1196143
1967,Comedy,283186783,691,409822
1967,Action,258098579,258,1000382
1967,Family,214850906,145,1481730
1967,Animation,205843612,298,690750
1967,Thriller,191659246,148,1294995
1967,Fantasy,9000000,75,120000
1967,Science Fiction,2399280,90,26659
1968,Drama,266440694,1298,205270
1968,Comedy,167919359,706,237846
1968,Romance,149890190,265,565623
1968,Adventure,133886445,189,708394
1968,Science Fiction,109396610,73,1498584
1968,Action,107752386,230,468489
1968,Family,100266899,154,651084
1968,Thriller,93006299,131,709972
1968,Fantasy,64137283,95,675129
1968,Animation,1273261,272,4681
1969,Comedy,175786920,728,241466
1969,Drama,168075904,1416,118698
1969,Adventure,130784493,181,722566
1969,Romance,94115142,241,390519
1969,Thriller,80055564,156,513177
1969,Action,79218493,265,298938
1969,Fantasy,2609280,87,29992
1969,Family,2399280,154,15580
1969,Science Fiction,2399280,71,33793
1969,Animation,0,254,0
1970,Drama,621239033,1429,434737
1970,Comedy,281326060,774,363470
1970,Romance,167952798,254,661231
1970,Thriller,122110405,146,836373
1970,Adventure,117996527,200,589983
1970,Action,105591151,234,451244
1970,Animation,55675257,283,196732
1970,Family,55675257,178,312782
1970,Science Fiction,18999718,67,283578
1970,Fantasy,13200000,109,121101
1971,Action,362016533,263,1376489
1971,Drama,304116474,1408,215992
1971,Thriller,278272049,169,1646580
1971,Science Fiction,204922868,71,2886238
1971,Adventure,133939547,179,748266
1971,Romance,112058980,254,441177
1971,Comedy,52618880,782,67288
1971,Family,21900000,167,131138
1971,Fantasy,21900000,113,193805
1971,Animation,18001250,290,62073
1972,Drama,433792950,1406,308530
1972,Comedy,244925887,809,302751
1972,Thriller,204877788,211,970985
1972,Action,193827737,296,654823
1972,Adventure,192922514,205,941085
1972,Romance,127182184,249,510772
1972,Animation,25000001,306,81699
1972,Science Fiction,11582433,73,158663
1972,Family,0,209,0
1972,Fantasy,0,127,0
1973,Drama,642832430,1413,454942
1973,Comedy,409264576,767,533591
1973,Action,254987752,379,672791
1973,Thriller,206471265,217,951480
1973,Adventure,173309442,184,941899
1973,Science Fiction,91420644,81,1128650
1973,Romance,72112000,213,338554
1973,Family,48402073,207,233826
1973,Animation,38788467,303,128015
1973,Fantasy,14800000,127,116535
1974,Drama,586895778,1444,406438
1974,Action,494019434,353,1399488
1974,Thriller,425706058,225,1892027
1974,Comedy,358813589,772,464784
1974,Adventure,106172000,168,631976
1974,Romance,94662200,238,397740
1974,Family,42835162,210,203977
1974,Fantasy,40029000,128,312727
1974,Science Fiction,6247438,81,77129
1974,Animation,0,303,0
1975,Thriller,606167188,180,3367595
1975,Adventure,552578533,209,2643916
1975,Comedy,403338449,827,487713
1975,Drama,356423035,1439,247688
1975,Science Fiction,194862319,84,2319790
1975,Action,139591471,300,465305
1975,Fantasy,134833225,115,1172463
1975,Family,57067600,179,318813
1975,Romance,37473217,239,156792
1975,Animation,0,311,0
1976,Drama,593764680,1445,410910
1976,Romance,397110175,258,1539187
1976,Comedy,370968756,811,457421
1976,Thriller,314412867,184,1708766
1976,Fantasy,207443445,112,1852174
1976,Action,164362251,325,505730
1976,Adventure,110701445,179,618444
1976,Family,69178782,217,318796
1976,Science Fiction,29200000,69,423188
1976,Animation,11234220,258,43543
1977,Action,2045263254,350,5843609
1977,Adventure,1409777831,186,7579451
1977,Science Fiction,1175007121,94,12500076
1977,Drama,981180371,1459,672502
1977,Thriller,469601833,201,2336328
1977,Comedy,434727108,712,610572
1977,Romance,208988028,216,967537
1977,Family,140044107,221,633684
1977,Fantasy,139403112,124,1124219
1977,Animation,107989757,278,388452
1978,Comedy,962210222,785,1225746
1978,Action,549223097,338,1624920
1978,Adventure,479772447,204,2351826
1978,Romance,464515127,264,1759527
1978,Science Fiction,408257551,95,4297448
1978,Thriller,387410236,180,2152279
1978,Drama,354381818,1591,222742
1978,Fantasy,166713473,137,1216887
1978,Family,53335251,237,225043
1978,Animation,34185188,348,98233
1979,Drama,913864132,1617,565160
1979,Comedy,777280973,856,908039
1979,Adventure,701962399,205,3424207
1979,Science Fiction,642370270,109,5893305
1979,Thriller,480802574,165,2913955
1979,Action,478926221,361,1326665
1979,Romance,378820335,260,1457001
1979,Family,167967512,251,669193
1979,Animation,8257557,350,23593
1979,Fantasy,1613361,148,10901
1980,Action,1804805474,347,5201169
1980,Comedy,1095909997,816,1343027
1980,Adventure,1063396478,186,5717185
1980,Science Fiction,891095929,124,7186257
1980,Drama,468085936,1571,297954
1980,Romance,236378072,279,847233
1980,Thriller,189439954,184,1029565
1980,Family,105429698,195,540665
1980,Fantasy,50404343,123,409791
1980,Animation,2013193,329,6119
1981,Action,994655558,306,3250508
1981,Adventure,892569476,175,5100397
1981,Drama,877669070,1594,550608
1981,Comedy,842702057,831,1014082
1981,Romance,575078353,276,2083617
1981,Thriller,422626072,179,2361040
1981,Science Fiction,198348027,97,2044825
1981,Fantasy,152635359,139,1098096
1981,Family,107400678,223,481617
1981,Animation,56855401,316,179922
1982,Adventure,1350576540,189,7145908
1982,Science Fiction,1089734962,118,9235042
1982,Family,999804586,262,3816048
1982,Drama,997814321,1621,615555
1982,Fantasy,993763507,170,5845668
1982,Comedy,843493285,891,946682
1982,Action,668768503,342,1955463
1982,Thriller,490773918,189,2596687
1982,Romance,479475253,310,1546694
1982,Animation,61776614,325,190082
1983,Action,1407615489,353,3987579
1983,Drama,1184241170,1683,703649
1983,Adventure,1183244213,170,6960260
1983,Thriller,955313948,192,4975593
1983,Science Fiction,881896457,140,6299260
1983,Comedy,815682301,828,985124
1983,Romance,451467816,293,1540846
1983,Fantasy,102006850,197,517801
1983,Family,63453717,238,266612
1983,Animation,33760883,363,93005
1984,Comedy,1583338976,887,1785050
1984,Action,1422775929,335,4247092
1984,Drama,850024707,1713,496220
1984,Adventure,765556146,190,4029243
1984,Romance,657665278,336,1957337
1984,Fantasy,643409052,185,3477887
1984,Thriller,420967113,220,1913487
1984,Science Fiction,401273077,153,2622700
1984,Family,185579538,275,674835
1984,Animation,3301446,377,8757
1985,Comedy,1694280103,977,1734166
1985,Adventure,1483757605,196,7570192
1985,Drama,1289785212,1623,794692
1985,Action,920797372,406,2267974
1985,Thriller,778704868,212,3673136
1985,Romance,747212014,322,2320534
1985,Science Fiction,630060188,165,3818547
1985,Fantasy,328164931,215,1526349
1985,Family,207097025,266,778560
1985,Animation,64466810,408,158007
1986,Comedy,1790233438,1054,1698514
1986,Drama,1478685975,1719,860201
1986,Action,1234905985,460,2684578
1986,Adventure,972501182,240,4052088
1986,Romance,888835941,323,2751814
1986,Thriller,595024485,248,2399292
1986,Science Fiction,565968989,191,2963188
1986,Family,395715447,295,1341408
1986,Animation,165519668,461,359045
1986,Fantasy,140550571,200,702753
1987,Comedy,2429900927,1076,2258272
1987,Drama,1403720835,1725,813751
1987,Thriller,1243388625,269,4622263
1987,Action,1127397534,488,2310241
1987,Romance,780546781,355,2198723
1987,Adventure,605515785,237,2554919
1987,Fantasy,393130977,235,1672898
1987,Science Fiction,371849256,207,1796373
1987,Family,339273662,314,1080489
1987,Animation,16066050,488,32922
1988,Comedy,2665803690,1079,2470624
1988,Drama,1625084601,1702,954809
1988,Romance,1151835286,335,3438314
1988,Action,832699668,539,1544897
1988,Fantasy,829331965,250,3317328
1988,Adventure,824603870,217,3800018
1988,Thriller,793398106,311,2551119
1988,Family,577419857,308,1874740
1988,Animation,540792357,480,1126651
1988,Science Fiction,191510262,195,982104
1989,Comedy,2953434967,1097,2692283
1989,Drama,2206005282,1779,1240025
1989,Action,2101021683,554,3792458
1989,Adventure,1795750238,191,9401834
1989,Thriller,1250128421,373,3351551
1989,Fantasy,1079301630,220,4905916
1989,Science Fiction,901610136,215,4193536
1989,Romance,869993283,320,2718729
1989,Family,679948494,283,2402645
1989,Animation,257160523,490,524817
1990,Comedy,2874838575,1006,2857692
1990,Drama,2351875018,1632,1441100
1990,Adventure,2101793924,167,12585592
1990,Action,2029264020,572,3547664
1990,Thriller,2009049433,304,6608715
1990,Romance,1504178998,334,4503530
1990,Science Fiction,1051259568,158,6653542
1990,Family,902993434,272,3319829
1990,Fantasy,768601162,229,3356337
1990,Animation,98595091,440,224080
1991,Drama,2388895183,1588,1504342
1991,Thriller,2148226215,325,6609927
1991,Comedy,2101793738,1025,2050530
1991,Action,2030239280,554,3664692
1991,Romance,1429040040,350,4082972
1991,Family,1122252234,265,4234914
1991,Adventure,1111419879,187,5943422
1991,Science Fiction,1052493449,156,6746753
1991,Fantasy,1000620093,217,4611153
1991,Animation,510643890,491,1040008
1992,Comedy,2702732434,1073,2518856
1992,Drama,2626057857,1603,1638215
1992,Thriller,2097044620,375,5592119
1992,Action,2034933981,530,3839498
1992,Romance,1926207341,385,5003136
1992,Adventure,1821441595,168,10841914
1992,Family,1305096918,250,5220388
1992,Fantasy,1230454722,200,6152274
1992,Animation,599664158,515,1164396
1992,Science Fiction,500890486,158,3170193
1993,Drama,4403905063,1628,2705101
1993,Comedy,2499140038,984,2539776
1993,Thriller,2261037898,388,5827417
1993,Action,2030589987,566,3587615
1993,Adventure,1976095175,177,11164380
1993,Family,1440397686,275,5237810
1993,Romance,1299508886,414,3138910
1993,Science Fiction,1185416977,154,7697513
1993,Fantasy,497261549,196,2537049
1993,Animation,166735704,431,386858
1994,Drama,4361822994,1652,2640329
1994,Comedy,3785274482,1000,3785274
1994,Action,2594324391,526,4932176
1994,Romance,2500054852,381,6561824
1994,Thriller,2149114177,381,5640720
1994,Family,1833794968,295,6216254
1994,Fantasy,1584893148,240,6603721
1994,Adventure,1514589265,190,7971522
1994,Animation,852589958,475,1794926
1994,Science Fiction,683430087,182,3755110
1995,Action,3585095106,557,6436436
1995,Drama,3529489410,1712,2061618
1995,Comedy,3125939412,1028,3040797
1995,Thriller,2497060993,426,5861646
1995,Adventure,2469626954,186,13277564
1995,Romance,2111173775,452,4670738
1995,Family,2037514361,299,6814429
1995,Fantasy,1554171561,202,7693919
1995,Science Fiction,1253230452,194,6459951
1995,Animation,839247828,464,1808724
1996,Action,4176432774,558,7484647
1996,Drama,4099918410,1730,2369895
1996,Adventure,3326602563,194,17147436
1996,Thriller,3299323099,446,7397585
1996,Comedy,3010910659,1007,2989981
1996,Science Fiction,1909201428,219,8717815
1996,Romance,1541788092,410,3760459
1996,Family,1397360107,302,4627020
1996,Animation,677622527,452,1499165
1996,Fantasy,654488053,210,3116610
1997,Drama,5444135109,1777,3063666
1997,Action,4735197941,506,9358099
1997,Comedy,4401700650,1181,3727096
1997,Adventure,4379651410,205,21364153
1997,Romance,3729245905,487,7657589
1997,Thriller,3721810973,437,8516730
1997,Science Fiction,3214345733,210,15306408
1997,Family,1483465412,319,4650362
1997,Fantasy,1149027597,200,5745138
1997,Animation,598748622,462,1295993
1998,Comedy,5160244335,1157,4460021
1998,Drama,4729013296,1790,2641907
1998,Action,3992274824,518,7707094
1998,Adventure,3572891520,200,17864458
1998,Thriller,3124402867,451,6927723
1998,Romance,2711956193,498,5445695
1998,Science Fiction,2001660529,198,10109397
1998,Family,1907388929,320,5960590
1998,Animation,1376900097,447,3080313
1998,Fantasy,1291892991,238,5428122
1999,Drama,5680102596,1864,3047265
1999,Comedy,4871245288,1260,3866068
1999,Action,3716379177,506,7344623
1999,Adventure,3625369310,187,19387002
1999,Thriller,2963501646,455,6513190
1999,Science Fiction,2824761938,221,12781728
1999,Romance,2411162801,562,4290325
1999,Fantasy,1937776432,214,9055030
1999,Family,1781182016,302,5897954
1999,Animation,1350308555,491,2750119
2000,Comedy,5433375399,1289,4215187
2000,Drama,4879873667,1951,2501217
2000,Action,4370616299,502,8706407
2000,Adventure,4164663444,194,21467337
2000,Thriller,3985987174,466,8553621
2000,Romance,2199220233,554,3969712
2000,Family,1991334911,321,6203536
2000,Fantasy,1369292621,207,6614940
2000,Science Fiction,1218137185,174,7000788
2000,Animation,1156512473,521,2219794
2001,Comedy,5553469718,1385,4009725
2001,Action,5313741672,580,9161624
2001,Adventure,5067112409,189,26810119
2001,Drama,4438866894,2058,2156884
2001,Thriller,4402066528,479,9190118
2001,Romance,4340082714,622,6977625
2001,Fantasy,4120124009,207,19903981
2001,Family,2502460817,323,7747557
2001,Science Fiction,2013106554,214,9407040
2001,Animation,1809342647,533,3394639
2002,Action,7198839018,557,12924307
2002,Adventure,6299924337,209,30143179
2002,Drama,6138738588,2157,2845961
2002,Comedy,5698610474,1489,3827139
2002,Thriller,4473371873,518,8635853
2002,Science Fiction,3854831442,192,20077247
2002,Fantasy,3849342659,221,17417840
2002,Romance,2228917905,637,3499086
2002,Family,2078378657,368,5647768
2002,Animation,1313274819,599,2192445
2003,Action,9569300939,607,15764911
2003,Adventure,7872510291,251,31364583
2003,Comedy,6934033565,1630,4254008
2003,Thriller,4722034668,475,9941126
2003,Drama,4501365266,2264,1988236
2003,Fantasy,4299208489,216,19903743
2003,Science Fiction,3949308725,244,16185691
2003,Family,3669831122,429,8554385
2003,Romance,2172148528,677,3208491
2003,Animation,1979522582,652,3036078
2004,Adventure,7317634009,231,31678069
2004,Action,7175225796,583,12307420
2004,Comedy,6617051890,1718,3851602
2004,Drama,5506109556,2352,2341033
2004,Fantasy,4337371114,243,17849264
2004,Thriller,4085928558,493,8287888
2004,Family,3489337539,451,7736890
2004,Animation,3101719255,722,4296010
2004,Romance,3051056138,663,4601895
2004,Science Fiction,2213885982,219,10109068
2005,Adventure,7495484209,267,28072975
2005,Comedy,7466056237,1851,4033526
2005,Drama,6686240590,2669,2505148
2005,Action,5537831956,620,8931987
2005,Family,4137124113,497,8324193
2005,Thriller,4032259810,586,6880989
2005,Romance,3640672339,746,4880258
2005,Fantasy,3631409140,270,13449663
2005,Science Fiction,2829274541,261,10840132
2005,Animation,1650763081,811,2035466
2006,Comedy,8787428401,1982,4433617
2006,Adventure,6929084388,308,22497027
2006,Action,6461604537,636,10159756
2006,Drama,6406964519,2931,2185931
2006,Thriller,6014034768,718,8376093
2006,Family,4956445401,517,9586935
2006,Fantasy,3626729815,284,12770175
2006,Animation,3185448426,889,3583182
2006,Romance,2379705983,780,3050905
2006,Science Fiction,1693797509,259,6539759
2007,Comedy,8413719762,2134,3942699
2007,Adventure,7992041576,302,26463714
2007,Action,7625616940,736,10360893
2007,Fantasy,7002285860,295,23736562
2007,Drama,6802557109,3120,2180307
2007,Thriller,5900359844,759,7773860
2007,Family,4904345651,523,9377334
2007,Animation,3564093157,885,4027224
2007,Romance,3067582473,823,3727318
2007,Science Fiction,2142347616,287,7464626
2008,Action,9705076063,821,11821043
2008,Drama,9523216009,3418,2786195
2008,Comedy,9045941405,2296,3939870
2008,Adventure,8743595052,392,22305089
2008,Romance,6075419565,939,6470095
2008,Thriller,5352329543,823,6503438
2008,Family,5209963943,557,9353616
2008,Fantasy,4304430040,323,13326409
2008,Animation,3511515495,916,3833532
2008,Science Fiction,3174928285,321,9890742
2009,Adventure,12492679318,406,30770146
2009,Action,10776710004,810,13304580
2009,Comedy,8409914358,2448,3435423
2009,Science Fiction,8099862863,379,21371670
2009,Fantasy,7515458636,388,19369739
2009,Drama,6030960455,3648,1653224
2009,Family,5328870682,549,9706504
2009,Thriller,5062939456,936,5409123
2009,Animation,4488026284,950,4724238
2009,Romance,4348818220,980,4437570
2010,Adventure,11421271701,368,31036064
2010,Action,8984117343,888,10117249
2010,Comedy,8965821677,2618,3424684
2010,Family,7531264842,591,12743257
2010,Drama,7271984851,3782,1922788
2010,Fantasy,7261808419,401,18109248
2010,Animation,4717465652,1125,4193303
2010,Romance,4199666876,1043,4026526
2010,Thriller,3937411329,900,4374901
2010,Science Fiction,3136063995,394,7959553
2011,Adventure,11637793483,436,26692187
2011,Comedy,10565008872,2733,3865719
2011,Action,10465510328,941,11121690
2011,Fantasy,6823123302,459,14865192
2011,Drama,6189868916,4232,1462634
2011,Thriller,6008352015,943,6371529
2011,Animation,5336970683,1170,4561513
2011,Family,5247279093,686,7649095
2011,Science Fiction,4760484112,427,11148675
2011,Romance,3558892503,1088,3271041
2012,Adventure,13736116067,459,29926179
2012,Action,12435187836,906,13725373
2012,Drama,9363758865,4517,2073004
2012,Comedy,9117566533,2982,3057534
2012,Fantasy,7100258980,485,14639709
2012,Thriller,6521794011,982,6641338
2012,Science Fiction,5476788943,503,10888248
2012,Family,4681151542,659,7103417
2012,Animation,4325320579,1251,3457490
2012,Romance,3272116326,1187,2756627
2013,Action,13901858638,1037,13405842
2013,Adventure,11627117113,556,20912081
2013,Comedy,8092351241,3302,2450742
2013,Drama,8056032004,5213,1545373
2013,Science Fiction,7250613537,575,12609763
2013,Fantasy,6822964668,558,12227535
2013,Thriller,6661238625,1223,5446638
2013,Family,6411923602,693,9252415
2013,Animation,5828020156,1373,4244734
2013,Romance,1779332772,1303,1365566
2014,Action,16260685204,1021,15926234
2014,Adventure,14391314019,614,23438622
2014,Comedy,9379274263,3581,2619177
2014,Science Fiction,8824091557,646,13659584
2014,Drama,8374684323,5616,1491219
2014,Thriller,5730435215,1273,4501520
2014,Family,5728627096,793,7223994
2014,Fantasy,5218168884,602,8668055
2014,Animation,3755725278,1399,2684578
2014,Romance,2977553449,1432,2079297
2015,Adventure,16684272740,607,27486446
2015,Action,15872058527,1104,14376865
2015,Science Fiction,10018525094,730,13724007
2015,Comedy,9536507620,3676,2594262
2015,Drama,8600135083,6172,1393411
2015,Thriller,8158718036,1448,5634474
2015,Family,5605220522,760,7375290
2015,Animation,4768649313,1466,3252830
2015,Fantasy,3931588766,687,5722837
2015,Romance,2889297087,1537,1879829
2016,Adventure,19761299132,627,31517223
2016,Action,16101992498,1236,13027502
2016,Comedy,12724428054,3917,3248514
2016,Fantasy,9672317784,695,13917004
2016,Family,9442700484,724,13042404
2016,Drama,8329388927,6547,1272245
2016,Animation,8043031532,1483,5423487
2016,Science Fiction,5873262205,773,7598011
2016,Thriller,4294265898,1642,2615265
2016,Romance,3400029168,1698,2002373
2017,Action,19178980248,1325,14474702
2017,Adventure,14859425389,621,23928221
2017,Drama,9984004867,7512,1329074
2017,Comedy,9836213101,4264,2306804
2017,Fantasy,8752821696,854,10249206
2017,Science Fiction,8071453801,839,9620326
2017,Family,6907727346,831,8312548
2017,Thriller,4859221523,1767,2749984
2017,Animation,4746698020,1813,2618146
2017,Romance,2575529456,1864,1381722
2018,Action,18203939641,1363,13355788
2018,Adventure,16790026121,666,25210249
2018,Science Fiction,10934361204,865,12640880
2018,Comedy,8854179652,4384,2019658
2018,Drama,6928930930,8127,852582
2018,Thriller,6081041212,1813,3354132
2018,Fantasy,5509119773,916,6014323
2018,Family,5313820842,831,6394490
2018,Animation,4575139508,1796,2547405
2018,Romance,2706538641,1969,1374575
2019,Adventure,18442877960,670,27526684
2019,Action,13362358174,1442,9266545
2019,Comedy,9457341463,4659,2029908
2019,Fantasy,8937708274,944,9467911
2019,Family,8613776871,894,9635097
2019,Science Fiction,8380087462,919,9118702
2019,Drama,8278321387,8820,938585
2019,Animation,5805289011,2156,2692620
2019,Thriller,5328516867,1936,2752333
2019,Romance,2630596968,2015,1305507
2020,Action,4699701550,1174,4003153
2020,Comedy,2808637497,4177,672405
2020,Drama,2672115851,8002,333931
2020,Adventure,2334013863,522,4471291
2020,Fantasy,2133052901,979,2178808
2020,Thriller,1858880636,1877,990347
2020,Family,1506895648,775,1944381
2020,Animation,1453588747,2479,586361
2020,Science Fiction,1081064771,958,1128460
2020,Romance,227148195,1825,124465
2021,Action,9166610359,1444,6348068
2021,Adventure,7592872708,659,11521810
2021,Science Fiction,5620305248,1142,4921458
2021,Comedy,4417285272,4554,969979
2021,Drama,4013345461,9344,429510
2021,Thriller,3756053755,2248,1670842
2021,Fantasy,3442101250,1058,3253404
2021,Animation,2500968692,2923,855617
2021,Family,2107614554,882,2389586
2021,Romance,1245930402,1943,641241
2022,Action,14947171868,1714,8720637
2022,Adventure,9862818743,759,12994491
2022,Drama,7107531186,10443,680602
2022,Science Fiction,7069290547,1115,6340171
2022,Comedy,6588639649,5702,1155496
2022,Thriller,4211257876,2759,1526371
2022,Family,3605027583,964,3739655
2022,Fantasy,3599693503,1193,3017346
2022,Animation,3449801498,2495,1382686
2022,Romance,915474903,2173,421295
2023,Adventure,10479756549,845,12402079
2023,Action,9066351752,2090,4337967
2023,Comedy,8152540247,6137,1328424
2023,Drama,7232718348,10844,666979
2023,Fantasy,5062780978,1170,4327163
2023,Thriller,4818496842,3019,1596057
2023,Science Fiction,4413424101,1202,3671734
2023,Animation,4307706395,2452,1756813
2023,Family,3355215487,1050,3195443
2023,Romance,1651518437,2196,752058
2024,Drama,9138927974,7032,1299620
2024,Comedy,4730446221,4422,1069753
2024,Action,4466868299,1346,3318624
2024,Adventure,1785301258,691,2583649
2024,Science Fiction,1123019246,874,1284919
2024,Thriller,1000272394,2111,473838
2024,Fantasy,932194656,868,1073957
2024,Family,841445824,629,1337752
2024,Animation,681907115,1790,380954
2024,Romance,220953856,1311,168538
